entity,period,state,state_code,life,annuity,ah,other,total,deposit
PICA,2021Q2,Alabama,AL,25742278,-418078,9733180,7257268,42314648,2840047
PICA,2021Q2,Alaska,AK,3288508,1595,1549466,7789583,12629152,235209
PICA,2021Q2,Arizona,AZ,35591166,1736193,14723096,112089443,1359791,0
PICA,2021Q2,Arkansas,AR,11778876,30884,5139091,15373701,32322552,1517209
PICA,2021Q2,California,CA,190448238,401417,86244209,1596824269,1873918133,1110352
PICA,2021Q2,Colorado,CO,26306813,1162476,12861981,116767918,157099188,1850595
PICA,2021Q2,Connecticut,CT,23818052,1704464,12746103,47296872,3097675,0
PICA,2021Q2,Delaware,DE,12850498,-11753,3271439,4884255,20994439,229433
PICA,2021Q2,District Of Columbia,DC,9465617,-6239,4328127,3641582,134910,0
PICA,2021Q2,Florida,FL,106320658,1337207,43350589,109052623,981530,0
PICA,2021Q2,Georgia,GA,48212323,857065,18589901,21604301,89263590,21060496
PICA,2021Q2,Hawaii,HI,5949030,33246,3533478,36635101,17908315,0
PICA,2021Q2,Idaho,ID,8048996,107996,2986683,42724483,114681,0
PICA,2021Q2,Illinois,IL,71858495,2503803,39056711,193830707,1259822,0
PICA,2021Q2,Indiana,IN,45734487,536897,14873095,13008389,7510499,0
PICA,2021Q2,Iowa,IA,15027523,158887,7017657,7236030,1905340,0
PICA,2021Q2,Kansas,KS,11726096,50986,5129387,12804584,1792814,0
PICA,2021Q2,Kentucky,KY,18325070,143844,7094160,8175301,33738375,253132
PICA,2021Q2,Louisiana,LA,39393257,141531,9981656,76607742,3368587,0
PICA,2021Q2,Maine,ME,8110246,991141,2727971,10295033,22124391,345585
PICA,2021Q2,Maryland,MD,39771009,285209,17548468,19069973,76674659,358347
PICA,2021Q2,Massachusetts,MA,50325125,686559,32356297,44058978,127426959,13
PICA,2021Q2,Michigan,MI,38278176,557030,26152214,87731460,39,0
PICA,2021Q2,Minnesota,MN,69926676,1457234,13519309,35861895,688195,0
PICA,2021Q2,Mississippi,MS,10733452,11839,5228198,3754289,19727778,1496205594
PICA,2021Q2,Missouri,MO,29841903,249076,13077477,35455785,78624241,33873
PICA,2021Q2,Montana,MT,3769441,421547,3176777,36478897,0,0
PICA,2021Q2,Nebraska,NE,8266098,46568,3150021,4029081,0,0
PICA,2021Q2,Nevada,NV,12912090,-4754,6669286,98579428,0,0
PICA,2021Q2,New Hampshire,NH,9341187,64322,3521303,6630236,19557048,1508904211
PICA,2021Q2,New Jersey,NJ,310359008,89483523,57129882,247077252,0,0
PICA,2021Q2,New Mexico,NM,12399983,207688,3483766,62437321,78528758,0
PICA,2021Q2,New York,NY,164187008,3617109,75918399,255285484,1508904211,0
PICA,2021Q2,North Carolina,NC,41569833,889432,20666765,18701485,81827515,0
PICA,2021Q2,North Dakota,ND,3476297,42115,1900557,7675267,13094236,0
PICA,2021Q2,Ohio,OH,58297643,909620,34629956,83344431,688202,0
PICA,2021Q2,Oklahoma,OK,14700276,262670,7485417,15200530,688202,0
PICA,2021Q2,Oregon,OR,12612603,50440,6725185,207681561,227069789,0
PICA,2021Q2,Pennsylvania,PA,103477189,4739538,43939217,273001785,425157729,0
PICA,2021Q2,Rhode Island,RI,5444960,53671,2029913,3690462,11219006,0
PICA,2021Q2,South Carolina,SC,26451539,103244,14441179,17944867,58940829,0
PICA,2021Q2,South Dakota,SD,2712838,50020,1064492,10978393,14805742,0
PICA,2021Q2,Tennessee,TN,42699168,441145,16497447,26624617,86262376,0
PICA,2021Q2,Texas,TX,136973169,-149064,77145847,68473646,282443598,0
PICA,2021Q2,Utah,UT,8801613,727970,4705663,52063784,66299031,0
PICA,2021Q2,Vermont,VT,3300315,500107,764090,7146550,11711063,0
PICA,2021Q2,Virginia,VA,44230076,824963,20225311,217093270,282373620,0
PICA,2021Q2,Washington,WA,49205343,267200,29301523,313784626,392558693,0
PICA,2021Q2,West Virginia,WV,8913082,419116,4162353,7733331,21227883,0
PICA,2021Q2,Wisconsin,WI,33928501,575758,11298762,23329055,69132077,0
PICA,2021Q2,Wyoming,WY,3018231,14764,1118219,8198347,12349561,0
PICA,2021Q2,American Samoa,AS,0,0,0,0,0,0
PICA,2021Q2,Guam,GU,292121,16370,23731,2554271,2886492,0
PICA,2021Q2,Puerto Rico,PR,2381108,5409,719886,-6481,3099922,0
PICA,2021Q2,U.S. Virgin Islands,VI,47021,3,33048,2551812,2631884,0
PICA,2021Q2,Northern Mariana Islands,MP,0,0,0,0,0,0
PICA,2021Q3,Alabama,AL,37604817,42500211,14643090,11845466,4371610,0
PICA,2021Q3,Alaska,AK,4723134,1361465,2236281,16118738,24439618,367073
PICA,2021Q3,Arizona,AZ,54088346,117869112,22505421,222119383,416582262,1958218
PICA,2021Q3,Arkansas,AR,18310607,16272432,8130842,26667848,69381729,1987397
PICA,2021Q3,California,CA,287919336,445679561,126246232,3135011408,3994856537,1521950
PICA,2021Q3,Colorado,CO,41449636,156516734,19336051,192814574,410116995,2807877
PICA,2021Q3,Connecticut,CT,36707659,30376069,18477899,58459351,144020978,5441081
PICA,2021Q3,Delaware,DE,18940302,17343233,4532538,8515592,49331665,347029
PICA,2021Q3,District Of Columbia,DC,13790281,4844835,6264769,6801569,193708,0
PICA,2021Q3,Florida,FL,162985708,360544332,65266641,158851413,1451925,0
PICA,2021Q3,Georgia,GA,73651372,114517857,28035016,33991810,26280966,0
PICA,2021Q3,Hawaii,HI,9390522,7486020,5373477,65662640,87912659,45723266
PICA,2021Q3,Idaho,ID,11967947,41976185,4555714,87432979,173480,0
PICA,2021Q3,Illinois,IL,109024548,72722981,56987067,302800951,541535547,1824314
PICA,2021Q3,Indiana,IN,69248529,89706791,22358962,19822238,201136520,11218427
PICA,2021Q3,Iowa,IA,23786130,26571187,11060713,12027010,73445040,2900419
PICA,2021Q3,Kansas,KS,18336694,17749435,7953635,19340713,63380477,2792626
PICA,2021Q3,Kentucky,KY,28994114,21683971,10845941,13053515,74577541,421801
PICA,2021Q3,Louisiana,LA,58067296,13746114,15095324,81214764,168123498,4739922
PICA,2021Q3,Maine,ME,12108869,31777615,4020172,16600381,64507037,483695
PICA,2021Q3,Maryland,MD,61802427,94874947,25949138,28680685,445169,0
PICA,2021Q3,Massachusetts,MA,77438380,392434175,47683798,72984824,590541177,13
PICA,2021Q3,Michigan,MI,57377700,725222675,38310159,104140179,925050713,39
PICA,2021Q3,Minnesota,MN,105005705,35333729,24078099,50930171,215347704,1040995
PICA,2021Q3,Mississippi,MS,16377505,10753159,8029084,7017127,42176875,3092979127
PICA,2021Q3,Missouri,MO,45409553,58274567,19571622,54894406,178150148,33873
PICA,2021Q3,Montana,MT,6108395,5643454,5082937,75251527,92086313,0
PICA,2021Q3,Nebraska,NE,12858267,4725619,4908055,7339436,0,0
PICA,2021Q3,Nevada,NV,19605624,29203881,9881779,201976202,260667486,0
PICA,2021Q3,New Hampshire,NH,14542476,116450023,5510828,10912999,147416326,3112018223
PICA,2021Q3,New Jersey,NJ,461794682,186909870,87557252,325666587,0,0
PICA,2021Q3,New Mexico,NM,19312241,24218734,5381564,93900901,142813439,0
PICA,2021Q3,New York,NY,249941753,131999600,111991306,320987488,3112018223,0
PICA,2021Q3,North Carolina,NC,63553949,135266878,30554556,27847167,0,0
PICA,2021Q3,North Dakota,ND,5179636,357938,2685825,12519184,0,0
PICA,2021Q3,Ohio,OH,92307837,126773690,53053395,135666734,407801656,1040996
PICA,2021Q3,Oklahoma,OK,22872808,50048659,11490391,29833301,114245159,1040996
PICA,2021Q3,Oregon,OR,19641419,63163857,10117090,427149391,520071756,0
PICA,2021Q3,Pennsylvania,PA,160060384,163993790,64509204,451293210,839856589,0
PICA,2021Q3,Rhode Island,RI,8381790,13012943,3152640,6937342,31484715,0
PICA,2021Q3,South Carolina,SC,39818750,68038363,21036240,26320881,155214234,0
PICA,2021Q3,South Dakota,SD,4195677,3093598,1642868,20615374,29547518,0
PICA,2021Q3,Tennessee,TN,65528594,57490605,25078249,42449576,190547023,0
PICA,2021Q3,Texas,TX,207132331,877927806,113117699,121116820,1319294656,0
PICA,2021Q3,Utah,UT,13839175,22408793,6982893,103702387,146933248,0
PICA,2021Q3,Vermont,VT,5026287,16889835,1219927,11598890,34734938,0
PICA,2021Q3,Virginia,VA,67525361,182631357,30487649,227088738,507733105,0
PICA,2021Q3,Washington,WA,70954351,82964415,39060769,644870929,837850464,0
PICA,2021Q3,West Virginia,WV,13455636,8610382,6082526,12538206,40686751,0
PICA,2021Q3,Wisconsin,WI,52350825,33274643,17427405,20098928,123151800,0
PICA,2021Q3,Wyoming,WY,4786309,1998406,1775616,16635554,25195885,0
PICA,2021Q3,American Samoa,AS,0,0,0,0,0,0
PICA,2021Q3,Guam,GU,438756,64720,34078,5303503,5841056,0
PICA,2021Q3,Puerto Rico,PR,3615333,2928864,1047573,-1532,7590238,0
PICA,2021Q3,U.S. Virgin Islands,VI,73062,-4648,48834,5300123,5417371,0
PICA,2021Q3,Northern Mariana Islands,MP,0,0,0,0,0,0
PICA,2022Q1,Alabama,AL,12006356,2516082,5506808,7116247,1703582,0
PICA,2022Q1,Alaska,AK,1514854,623312,711144,5879292,118031,0
PICA,2022Q1,Arizona,AZ,16626452,45148859,8363492,87401620,615022,0
PICA,2022Q1,Arkansas,AR,6238053,1027082,2695588,11396145,582954,0
PICA,2022Q1,California,CA,91181525,19347407,46756404,1094388090,1251673426,412310
PICA,2022Q1,Colorado,CO,13549906,24704726,6759470,87745627,936780,0
PICA,2022Q1,Connecticut,CT,11604543,62552,7056706,46196120,1749335,0
PICA,2022Q1,Delaware,DE,13626537,-212154,1759966,4204003,19378352,118023
PICA,2022Q1,District Of Columbia,DC,4973524,-56649,2386917,2510165,58594,0
PICA,2022Q1,Florida,FL,53523178,11697272,21845722,120015756,540520,0
PICA,2022Q1,Georgia,GA,24146825,-12228,9753940,17356281,4588129,0
PICA,2022Q1,Hawaii,HI,3190692,1033450,1754795,23934901,29913838,9764481
PICA,2022Q1,Idaho,ID,4660193,4354463,1795705,31878126,42688487,58979
PICA,2022Q1,Illinois,IL,35001581,47300554,20854861,103832206,545320,0
PICA,2022Q1,Indiana,IN,20913646,32245929,8676576,15736943,77573094,4286090
PICA,2022Q1,Iowa,IA,8190194,-177965,4206545,8756958,884401,0
PICA,2022Q1,Kansas,KS,6826226,911834,2937455,10190909,934973,0
PICA,2022Q1,Kentucky,KY,9463614,57407866,3618137,7516978,163244,0
PICA,2022Q1,Louisiana,LA,19057294,105535,5214793,6608000,30985622,1664766
PICA,2022Q1,Maine,ME,4401050,-282168,1618902,10369630,370466,0
PICA,2022Q1,Maryland,MD,20094362,-783701,9499647,17300350,58840,0
PICA,2022Q1,Massachusetts,MA,25596588,-5101699,17120272,18825781,56440942,13
PICA,2022Q1,Michigan,MI,18142927,-8524385,14720749,45122364,39,0
PICA,2022Q1,Minnesota,MN,33252843,362324,6473209,118678794,158767170,353995
PICA,2022Q1,Mississippi,MS,5250471,-148122,2760490,3469758,911669841,0
PICA,2022Q1,Missouri,MO,14974426,32360896,7112264,23174150,0,0
PICA,2022Q1,Montana,MT,2182215,6315278,1850095,26465815,0,0
PICA,2022Q1,Nebraska,NE,5090926,646494,2064511,4287934,12089865,0
PICA,2022Q1,Nevada,NV,6092149,3684637,2984551,72708658,0,0
PICA,2022Q1,New Hampshire,NH,4572403,-1659453,1767714,5627730,10308394,917968942
PICA,2022Q1,New Jersey,NJ,158700806,17233787,30909946,-345538026,0,0
PICA,2022Q1,New Mexico,NM,7683356,15143472,1862977,39299307,63989112,0
PICA,2022Q1,New York,NY,80424855,192857,40344598,118003696,917968942,0
PICA,2022Q1,North Carolina,NC,21438395,2283874,11025628,16575685,51323582,0
PICA,2022Q1,North Dakota,ND,1856389,292730,975921,5156593,8281633,0
PICA,2022Q1,Ohio,OH,32595096,6756771,18468227,57285193,115105287,353988
PICA,2022Q1,Oklahoma,OK,7866583,2448986,3907080,12399280,26621929,353988
PICA,2022Q1,Oregon,OR,6958427,149636432,3731728,150899431,311226017,0
PICA,2022Q1,Pennsylvania,PA,52541461,5509226,24118358,173210440,255379484,0
PICA,2022Q1,Rhode Island,RI,2678055,-176168,1082623,3697440,7281951,0
PICA,2022Q1,South Carolina,SC,13744195,3380179,7624171,13500235,38248779,0
PICA,2022Q1,South Dakota,SD,1415882,4602594,661355,6031348,12711179,0
PICA,2022Q1,Tennessee,TN,21559585,4632317,8941007,18931117,54064026,0
PICA,2022Q1,Texas,TX,66285521,-6216525,36048892,59285450,155403338,0
PICA,2022Q1,Utah,UT,4841804,2178219,2544988,37109375,46674385,0
PICA,2022Q1,Vermont,VT,1708828,-181332,598471,5809309,7935276,0
PICA,2022Q1,Virginia,VA,22394139,-53156,10824307,15717911,48883201,0
PICA,2022Q1,Washington,WA,56859098,49161394,13260638,227177294,346458424,0
PICA,2022Q1,West Virginia,WV,5240055,83807795,2152586,6066731,97267167,0
PICA,2022Q1,Wisconsin,WI,16295746,-87414,6125106,41506702,63840140,0
PICA,2022Q1,Wyoming,WY,1721239,89704794,717325,6179407,98322765,0
PICA,2022Q1,American Samoa,AS,0,0,0,0,0,0
PICA,2022Q1,Guam,GU,136867,7436,17187,1823567,1985057,0
PICA,2022Q1,Puerto Rico,PR,1148328,-42557,449891,2258,1557920,0
PICA,2022Q1,U.S. Virgin Islands,VI,27826,0,23221,1822655,1873702,0
PICA,2022Q1,Northern Mariana Islands,MP,0,0,0,0,0,0
PICA,2022Q2,Alabama,AL,25353056,76363962,10813072,13190686,125720776,3093138
PICA,2022Q2,Alaska,AK,3631667,781782,1718776,10367208,16499433,527652
PICA,2022Q2,Arizona,AZ,33837917,47540662,16860029,157110949,1439825,0
PICA,2022Q2,Arkansas,AR,12811712,4026439,5226034,20070653,42134838,1218161
PICA,2022Q2,California,CA,196663015,28522680,90799981,1940209226,876584,0
PICA,2022Q2,Colorado,CO,28338595,26703734,12889604,132718165,1897010,0
PICA,2022Q2,Connecticut,CT,24293779,524273,13628639,74054788,112501479,3543339
PICA,2022Q2,Delaware,DE,20566696,49019,3915236,8459438,32990389,362027
PICA,2022Q2,District Of Columbia,DC,10289474,10894,5003328,4417414,19721110,121843
PICA,2022Q2,Florida,FL,108746049,30035854,43491925,218641563,400915391,1074904
PICA,2022Q2,Georgia,GA,50319064,6047373,20036585,34747265,111150287,9288152
PICA,2022Q2,Hawaii,HI,6414841,120556502,3697021,43231542,173899906,18842842
PICA,2022Q2,Idaho,ID,8281549,5289682,3207190,56850635,73629056,118579
PICA,2022Q2,Illinois,IL,73845162,48598262,41923500,209142657,373509581,1141226
PICA,2022Q2,Indiana,IN,44877959,33660376,19361994,29119036,127019365,8129368
PICA,2022Q2,Iowa,IA,17085687,333955,8287567,15880777,41587986,1931429
PICA,2022Q2,Kansas,KS,13694098,5076049,5566914,18197092,42534153,1869923
PICA,2022Q2,Kentucky,KY,20654680,65546622,7931409,13663269,107795980,355407
PICA,2022Q2,Louisiana,LA,35114235,1709376,10167175,12558688,3282669,0
PICA,2022Q2,Maine,ME,8347534,10533639,3118465,18622178,776897,0
PICA,2022Q2,Maryland,MD,42826109,-388,18739449,30734586,92299756,118440
PICA,2022Q2,Massachusetts,MA,50662271,-3078053,33896524,62824199,13,0
PICA,2022Q2,Michigan,MI,38431783,-3422674,27676642,91373565,39,0
PICA,2022Q2,Minnesota,MN,65591460,2858991,13591925,221947667,303990043,711595
PICA,2022Q2,Mississippi,MS,11170888,9978392,5479128,6491913,1905521486,0
PICA,2022Q2,Missouri,MO,31166457,51327708,13982497,41194057,137670719,260620
PICA,2022Q2,Montana,MT,4378530,6518964,3880796,47048748,0,0
PICA,2022Q2,Nebraska,NE,10365989,1160437,4069134,7457716,0,0
PICA,2022Q2,Nevada,NV,12945048,6050301,5863401,129813263,154672013,0
PICA,2022Q2,New Hampshire,NH,9129358,-1047874,4155960,10171836,22409280,1918307140
PICA,2022Q2,New Jersey,NJ,309386420,42043193,65115526,-55583536,360961603,0
PICA,2022Q2,New Mexico,NM,13651968,16195590,3785371,57557523,91190453,0
PICA,2022Q2,New York,NY,162285711,14401272,85258016,226400157,488345156,1918307140
PICA,2022Q2,North Carolina,NC,43664789,55695387,22183363,30540218,0,0
PICA,2022Q2,North Dakota,ND,3972055,171517865,2038622,8934129,186462671,0
PICA,2022Q2,Ohio,OH,63991178,8058901,36958376,106438556,215447011,744058
PICA,2022Q2,Oklahoma,OK,15836660,14388987,7483772,21805599,744058,0
PICA,2022Q2,Oregon,OR,14001794,156394410,7293665,268188834,445878703,0
PICA,2022Q2,Pennsylvania,PA,108586432,21729076,49358542,484354306,664028356,0
PICA,2022Q2,Rhode Island,RI,5432672,-125205,2344192,6551737,14203395,0
PICA,2022Q2,South Carolina,SC,27774875,9996953,14850368,23754961,76377157,0
PICA,2022Q2,South Dakota,SD,2875693,4747600,1175189,13514758,22313239,0
PICA,2022Q2,Tennessee,TN,45093569,32062452,16844898,33165513,127166431,0
PICA,2022Q2,Texas,TX,137299402,27211258,74144770,104298165,342953594,0
PICA,2022Q2,Utah,UT,9866475,2599783,4985065,67023934,84475257,0
PICA,2022Q2,Vermont,VT,3343211,-54034,1048385,10481817,14819378,0
PICA,2022Q2,Virginia,VA,47500650,53637137,22141602,28219730,151499120,0
PICA,2022Q2,Washington,WA,89875271,54074511,30387458,405512984,579850224,0
PICA,2022Q2,West Virginia,WV,9994741,84204839,4237814,10829578,109266973,0
PICA,2022Q2,Wisconsin,WI,35130741,31797194,12040459,54360049,133328442,0
PICA,2022Q2,Wyoming,WY,3480128,89728150,1466624,11105978,105780879,0
PICA,2022Q2,American Samoa,AS,0,0,0,0,0,0
PICA,2022Q2,Guam,GU,269578,15701,28215,3255322,3568815,0
PICA,2022Q2,Puerto Rico,PR,2625453,-41059,784689,4347,3373430,0
PICA,2022Q2,U.S. Virgin Islands,VI,52587,-1,41768,3253514,3347869,0
PICA,2022Q2,Northern Mariana Islands,MP,0,0,0,0,0,0
PICA,2022Q3,Alabama,AL,40066770,123371003,16961772,15783234,196182779,4590735
PICA,2022Q3,Alaska,AK,5771617,5330565,2858232,13213293,27173707,649052
PICA,2022Q3,Arizona,AZ,48874261,305902690,25282611,197804005,577863567,2366411
PICA,2022Q3,Arkansas,AR,19342408,37896865,8349594,25263840,90852707,1728450
PICA,2022Q3,California,CA,304867393,749966302,139807799,2578889410,1254410,0
PICA,2022Q3,Colorado,CO,42693417,308826355,19555123,161061484,532136379,2820007
PICA,2022Q3,Connecticut,CT,61792325,245204143,19982913,501392750,828372131,4950732
PICA,2022Q3,Delaware,DE,33207095,157886762,5605918,10182391,491000,0
PICA,2022Q3,District Of Columbia,DC,16038057,9136372,7568349,5702701,38445479,223343
PICA,2022Q3,Florida,FL,166340407,928703590,65417370,257069206,1560504,0
PICA,2022Q3,Georgia,GA,75580210,375814662,30220262,42312030,15115792,0
PICA,2022Q3,Hawaii,HI,9585306,143020325,5747869,55997010,1082021053,0
PICA,2022Q3,Idaho,ID,13116158,26873591,5010668,72461291,185767,0
PICA,2022Q3,Illinois,IL,109871634,243765703,63256834,265636143,682530314,1689818
PICA,2022Q3,Indiana,IN,66404332,115039281,27788425,34012669,11704066,0
PICA,2022Q3,Iowa,IA,26434232,139810132,12591775,18564642,197400781,3010861
PICA,2022Q3,Kansas,KS,21035701,43814748,8520012,22292662,95663123,2933121
PICA,2022Q3,Kentucky,KY,32283581,195087307,12031644,16456944,255859476,476769
PICA,2022Q3,Louisiana,LA,51464481,35546352,15382280,15170426,4849954,0
PICA,2022Q3,Maine,ME,12555183,37566595,4857798,22101280,77080856,898297
PICA,2022Q3,Maryland,MD,65585149,184017188,28769881,38018391,316390609,179140
PICA,2022Q3,Massachusetts,MA,74152457,105197375,52188119,79093077,13,0
PICA,2022Q3,Michigan,MI,58918273,99151515,41697915,117348730,317116433,39
PICA,2022Q3,Minnesota,MN,101680966,284576624,25439068,243941481,1075795,0
PICA,2022Q3,Mississippi,MS,16796483,30959040,8668442,7877447,64301412,4856366495
PICA,2022Q3,Missouri,MO,47789961,119880334,21714114,50934141,240318550,263007
PICA,2022Q3,Montana,MT,6843576,18304984,5895656,60350615,91394831,0
PICA,2022Q3,Nebraska,NE,16239556,21081980,6082667,8862054,0,0
PICA,2022Q3,Nevada,NV,19206715,74337036,9214021,165959804,0,0
PICA,2022Q3,New Hampshire,NH,12836391,37966541,6283784,12441110,69527826,4874857299
PICA,2022Q3,New Jersey,NJ,429117101,306562565,93950409,107548556,937178631,0
PICA,2022Q3,New Mexico,NM,21167458,41198952,5693778,82321213,150381401,0
PICA,2022Q3,New York,NY,233886680,1208771243,126179702,292126440,1860964065,4874857299
PICA,2022Q3,North Carolina,NC,65813087,1019612465,33108978,36866904,1155401434,0
PICA,2022Q3,North Dakota,ND,6025225,173842637,4012175,11313548,195193585,0
PICA,2022Q3,Ohio,OH,98743535,370104429,56349422,135366573,660563959,1108258
PICA,2022Q3,Oklahoma,OK,23582229,42509816,11422336,27243451,1108258,0
PICA,2022Q3,Oregon,OR,21883288,216197475,11443399,343670634,593194796,0
PICA,2022Q3,Pennsylvania,PA,166779170,285611911,70726047,546692560,1069809689,0
PICA,2022Q3,Rhode Island,RI,7644806,15559403,3611366,7926243,34741818,0
PICA,2022Q3,South Carolina,SC,41341945,241020632,22246754,29179892,333789223,0
PICA,2022Q3,South Dakota,SD,4220879,17536789,1818216,20522903,44098787,0
PICA,2022Q3,Tennessee,TN,70109209,166338727,26639901,41495368,304583205,0
PICA,2022Q3,Texas,TX,210817308,819090544,114177531,127856662,1271942046,0
PICA,2022Q3,Utah,UT,15051514,35018795,7304579,85997719,143372607,0
PICA,2022Q3,Vermont,VT,4977782,262846836,1497126,12926136,282247880,0
PICA,2022Q3,Virginia,VA,73912584,324945532,33886619,34002142,466746877,0
PICA,2022Q3,Washington,WA,119202156,150628194,47493376,520302334,837626060,0
PICA,2022Q3,West Virginia,WV,15933618,131686177,6525250,13389033,167534078,0
PICA,2022Q3,Wisconsin,WI,53768612,92402361,19074207,59649769,224894950,0
PICA,2022Q3,Wyoming,WY,5316670,96823488,2206203,14096999,118443360,0
PICA,2022Q3,American Samoa,AS,0,0,0,0,0,0
PICA,2022Q3,Guam,GU,421778,182099,37726,4188020,4829624,0
PICA,2022Q3,Puerto Rico,PR,3530077,3527908,1083570,11576,8153130,0
PICA,2022Q3,U.S. Virgin Islands,VI,113259,0,61547,4185216,4360022,0
PICA,2022Q3,Northern Mariana Islands,MP,0,0,0,0,0,0
PICA,2023Q1,Alabama,AL,12581765,5748646,7716311,2797505,729094,0
PICA,2023Q1,Alaska,AK,1683975,408099,1022011,2800938,60852,0
PICA,2023Q1,Arizona,AZ,15507640,55939126,9486065,41288740,1215144,0
PICA,2023Q1,Arkansas,AR,5803827,3700470,2486967,5156732,17147996,508464
PICA,2023Q1,California,CA,97031547,1850581319,51802080,530955293,7674841,0
PICA,2023Q1,Colorado,CO,12602187,17759367,7728069,27998924,66088547,445241
PICA,2023Q1,Connecticut,CT,11017418,10702142,7845766,147680831,1179234,0
PICA,2023Q1,Delaware,DE,8750915,769682,2385292,1753306,13659195,1268691481
PICA,2023Q1,District Of Columbia,DC,5682076,356314,2814549,1235950,10088889,31413958
PICA,2023Q1,Florida,FL,51066851,45515130,25070520,43728238,165380739,5020900
PICA,2023Q1,Georgia,GA,24437548,12343335,12261224,15034490,1409623,0
PICA,2023Q1,Hawaii,HI,3137986,8785134,2192098,12701405,666709,0
PICA,2023Q1,Idaho,ID,3429711,17337706,1814808,16429249,39011474,126113
PICA,2023Q1,Illinois,IL,34425526,12778961,24322231,78061789,149588507,5074545
PICA,2023Q1,Indiana,IN,22782749,1054649,7179091,5487604,793477,0
PICA,2023Q1,Iowa,IA,7720672,944669,4814634,3083386,16563361,818977
PICA,2023Q1,Kansas,KS,5032386,1505896,2277474,4017746,568100,0
PICA,2023Q1,Kentucky,KY,11179184,1972601,6118033,2969834,22239652,980825
PICA,2023Q1,Louisiana,LA,18682470,200206257,5867745,2477163,227233635,514380
PICA,2023Q1,Maine,ME,4074486,826256,1907105,3340807,158818,0
PICA,2023Q1,Maryland,MD,21021438,2479094,11064541,6424232,40989305,894123
PICA,2023Q1,Massachusetts,MA,24760803,17519580,20434798,6330604,69045785,1812028
PICA,2023Q1,Michigan,MI,18466659,3194951,16075054,28359957,66096621,1663672
PICA,2023Q1,Minnesota,MN,29080911,3258912,10997801,14132423,57470047,1408976
PICA,2023Q1,Mississippi,MS,5365104,16371733,3245673,1448684,26431194,449406
PICA,2023Q1,Missouri,MO,14140188,4337334,8139608,9619091,36236221,1479519
PICA,2023Q1,Montana,MT,1785749,5110429,1923906,13020898,21840982,60512
PICA,2023Q1,Nebraska,NE,4767252,1460279,2546557,1430648,152481,0
PICA,2023Q1,Nevada,NV,5129479,33021932,2764600,35753784,487068,0
PICA,2023Q1,New Hampshire,NH,4214563,2415620,2406198,2329753,11366134,183024
PICA,2023Q1,New Jersey,NJ,123220788,97229771,34216349,122627290,377294198,19102561
PICA,2023Q1,New Mexico,NM,5542458,3202931,1082555,24638701,182801,0
PICA,2023Q1,New York,NY,78435501,88186689,47535184,111274096,10615302,0
PICA,2023Q1,North Carolina,NC,20618441,10748602,13012496,6308979,1249026,0
PICA,2023Q1,North Dakota,ND,1895009,45253,1310950,1939897,5191109,60888
PICA,2023Q1,Ohio,OH,29606779,1383217,21355815,26475646,78821457,1399948
PICA,2023Q1,Oklahoma,OK,6017067,1797476,3020230,5378613,16213386,575348
PICA,2023Q1,Oregon,OR,6402923,32400465,4249259,73723112,116775759,1083254
PICA,2023Q1,Pennsylvania,PA,53405000,16504645,25175648,65929190,161014483,3404686
PICA,2023Q1,Rhode Island,RI,2425771,1009106,1411729,1467603,681171,0
PICA,2023Q1,South Carolina,SC,13582224,6437861,10120069,4600717,34740871,1161954
PICA,2023Q1,South Dakota,SD,1184721,1275332,716033,2840074,60882,0
PICA,2023Q1,Tennessee,TN,22270020,4321281,11895429,7209296,45696026,1092755
PICA,2023Q1,Texas,TX,66923088,122665314,42217415,23315447,255121264,3850030
PICA,2023Q1,Utah,UT,3520799,13367701,2385608,19441862,127604,0
PICA,2023Q1,Vermont,VT,1613490,685555,733287,2449698,5482030,135969
PICA,2023Q1,Virginia,VA,23138029,4881325,13472527,6055100,47546981,1505216
PICA,2023Q1,Washington,WA,31680081,51704231,18878113,112704567,214966992,1948054
PICA,2023Q1,West Virginia,WV,4823569,266558,3150024,2490962,10731113,135109
PICA,2023Q1,Wisconsin,WI,16936657,5897376,7778577,5714521,36327131,954682
PICA,2023Q1,Wyoming,WY,1050832,1058735,376302,3001090,5486959,60749
PICA,2023Q1,American Samoa,AS,0,0,0,0,0,0
PICA,2023Q1,Guam,GU,125794,441155,17850,914384,1499183,13
PICA,2023Q1,Puerto Rico,PR,954608,168665,497507,1058,60921,0
PICA,2023Q1,U.S. Virgin Islands,VI,28535,5,24504,913670,52720,0
PICA,2023Q1,Northern Mariana Islands,MP,0,0,0,0,0,0
PICA,2023Q2,Alabama,AL,26439543,5876731,14702124,7996619,55015017,864563
PICA,2023Q2,Alaska,AK,3398072,404844,2014263,6218174,122252,0
PICA,2023Q2,Arizona,AZ,32032021,56440258,19935524,97777599,206185402,2400653
PICA,2023Q2,Arkansas,AR,11940793,3661904,6906436,12241177,34750310,999664
PICA,2023Q2,California,CA,211792696,1851069843,103387899,1197196513,15064785,0
PICA,2023Q2,Colorado,CO,26853107,17732677,15318685,62813822,122718291,1079423
PICA,2023Q2,Connecticut,CT,23322257,10754855,15164434,199255559,2558030,0
PICA,2023Q2,Delaware,DE,18854998,-308174,4756198,4448465,27751487,2151348779
PICA,2023Q2,District Of Columbia,DC,11712671,354296,5544705,2660073,42439146,0
PICA,2023Q2,Florida,FL,104246656,52700991,48700471,137767820,343415938,10584630
PICA,2023Q2,Georgia,GA,51646908,12523300,24504223,28456777,117131208,2894380
PICA,2023Q2,Hawaii,HI,6293627,8940290,4099235,28526015,47859167,1518038
PICA,2023Q2,Idaho,ID,8131479,17329000,3878533,35954243,248913,0
PICA,2023Q2,Illinois,IL,72370845,12925155,49024784,151219034,9785496,0
PICA,2023Q2,Indiana,IN,44384635,1156798,15108573,17754084,78404090,1393813
PICA,2023Q2,Iowa,IA,16489851,-71114,9993601,9796625,36208963,1563957
PICA,2023Q2,Kansas,KS,12747408,1594396,6373465,10996593,31711862,1130459
PICA,2023Q2,Kentucky,KY,22876854,2040059,11334731,8329928,2159337,0
PICA,2023Q2,Louisiana,LA,37811580,200137686,11679615,7256642,256885523,978113
PICA,2023Q2,Maine,ME,8189482,855124,4241582,11247732,317410,0
PICA,2023Q2,Maryland,MD,43307367,2258165,21394932,18104564,85065028,2118928
PICA,2023Q2,Massachusetts,MA,50864460,18130327,41926766,18495737,129417290,4148121
PICA,2023Q2,Michigan,MI,38758625,3129239,30382396,63196944,135467204,3215005
PICA,2023Q2,Minnesota,MN,58412165,3337630,20941773,46798373,2815375,0
PICA,2023Q2,Mississippi,MS,10753770,16327963,6576763,3770942,37429438,628830
PICA,2023Q2,Missouri,MO,29600305,4913381,16553514,24732897,75800097,2928124
PICA,2023Q2,Montana,MT,4266729,5099722,4732740,28750907,42850098,121912
PICA,2023Q2,Nebraska,NE,9497511,1560328,5323155,4097082,284249,0
PICA,2023Q2,Nevada,NV,12442913,33001169,6795993,80166935,1057661,0
PICA,2023Q2,New Hampshire,NH,8404157,2418800,4812968,6254426,21890351,424219
PICA,2023Q2,New Jersey,NJ,257342485,364482247,69855321,298809881,50674287,0
PICA,2023Q2,New Mexico,NM,15143824,3184100,4372975,38947570,61648469,367001
PICA,2023Q2,New York,NY,156628185,89642444,91144975,194839796,532255400,20676740
PICA,2023Q2,North Carolina,NC,44008986,10019789,25833629,18427076,98289480,2674621
PICA,2023Q2,North Dakota,ND,4155516,44681,2927711,4943188,12071096,122288
PICA,2023Q2,Ohio,OH,61687366,1607314,41333235,54622579,2928867,0
PICA,2023Q2,Oklahoma,OK,15140244,1791575,8391690,12782447,38105956,1197079
PICA,2023Q2,Oregon,OR,12972008,32561658,8645130,163420193,217598989,2207619
PICA,2023Q2,Pennsylvania,PA,107908234,22710616,49946233,171395808,7185479,0
PICA,2023Q2,Rhode Island,RI,5101128,1068676,2812724,3909122,944782,0
PICA,2023Q2,South Carolina,SC,28312795,6344759,17728179,13142664,65528397,2144869
PICA,2023Q2,South Dakota,SD,2511565,1254009,1331539,7219890,12317003,217542
PICA,2023Q2,Tennessee,TN,42186634,3816423,23033288,18658681,87695026,2097736
PICA,2023Q2,Texas,TX,145710157,123021740,89742080,60349536,418823513,7030271
PICA,2023Q2,Utah,UT,8974966,13368205,5655363,42622372,70620906,274475
PICA,2023Q2,Vermont,VT,3205744,695834,1464674,6524318,275734,0
PICA,2023Q2,Virginia,VA,48558223,4851167,25744451,16751966,3061020,0
PICA,2023Q2,Washington,WA,67901475,51538518,42235400,249577751,3977166,0
PICA,2023Q2,West Virginia,WV,8733500,77120,5695165,6386506,20892291,329154
PICA,2023Q2,Wisconsin,WI,34228022,5918034,15218255,17304689,2427953,0
PICA,2023Q2,Wyoming,WY,3300292,1055052,1886862,6870248,13112454,122149
PICA,2023Q2,American Samoa,AS,0,0,0,0,0,0
PICA,2023Q2,Guam,GU,248848,441756,32876,2007646,2731126,13
PICA,2023Q2,Puerto Rico,PR,2419239,82799725,847236,-1950,122321,0
PICA,2023Q2,U.S. Virgin Islands,VI,54739,1,42148,2006463,52720,0
PICA,2023Q2,Northern Mariana Islands,MP,0,0,0,0,0,0
PICA,2023Q3,Alabama,AL,38776949,10239473,21887067,10113235,81016724,993881
PICA,2023Q3,Alaska,AK,4942756,564617,2981296,9534291,185452,0
PICA,2023Q3,Arizona,AZ,48387119,76216709,29715722,143042212,3422145,0
PICA,2023Q3,Arkansas,AR,18247186,5674800,10266666,17747543,1505264,0
PICA,2023Q3,California,CA,315072713,1920333663,151700590,1809661206,4196768172,23860697
PICA,2023Q3,Colorado,CO,40119192,22186653,23200027,94750247,1635370,0
PICA,2023Q3,Connecticut,CT,35178248,54223856,21738949,239593035,350734088,3808736
PICA,2023Q3,Delaware,DE,24970807,63189187,6905875,6419878,101485747,3726570552
PICA,2023Q3,District Of Columbia,DC,16876890,973083,8162543,4057065,58468266,0
PICA,2023Q3,Florida,FL,157154441,197011874,74291019,175019757,15451875,0
PICA,2023Q3,Georgia,GA,77308997,33801986,37083507,34302277,182496767,4529768
PICA,2023Q3,Hawaii,HI,35631657,10075476,6227345,42362495,94296973,2262589
PICA,2023Q3,Idaho,ID,11875664,18549367,6238944,55935002,375313,0
PICA,2023Q3,Illinois,IL,108684603,25671909,73925366,177607452,385889330,14863807
PICA,2023Q3,Indiana,IN,68201131,31764109,22899734,21702892,144567866,2036586
PICA,2023Q3,Iowa,IA,24757445,717809,15220413,11945537,2361579,0
PICA,2023Q3,Kansas,KS,19199029,2049673,9493085,14621642,1725903,0
PICA,2023Q3,Kentucky,KY,35300293,13588524,17260815,10670563,76820195,2722802
PICA,2023Q3,Louisiana,LA,56972429,195624713,17558760,9269258,279425160,1482563
PICA,2023Q3,Maine,ME,12459090,4228483,6327636,16458967,488882,0
PICA,2023Q3,Maryland,MD,64400892,111609951,31693400,23717834,231422077,3370071
PICA,2023Q3,Massachusetts,MA,75820851,27313440,60137784,24041609,187313684,5991635
PICA,2023Q3,Michigan,MI,58816588,671586169,45025950,92554690,867983397,4799312
PICA,2023Q3,Minnesota,MN,88035526,17546694,31700314,56152018,193434552,4116350
PICA,2023Q3,Mississippi,MS,15741558,16846371,9586612,5091342,47265883,755230
PICA,2023Q3,Missouri,MO,43300587,8143342,24600717,34034315,4897277,0
PICA,2023Q3,Montana,MT,6579251,6068844,6721982,44129661,63499738,232205
PICA,2023Q3,Nebraska,NE,13838379,2380527,7822771,5432715,539027,0
PICA,2023Q3,Nevada,NV,18175405,39237303,10066750,122055484,189534942,1599992
PICA,2023Q3,New Hampshire,NH,12531089,7061558,7428338,8738656,664127,0
PICA,2023Q3,New Jersey,NJ,419976573,1295200119,109009691,427523449,2251709832,83031563
PICA,2023Q3,New Mexico,NM,22216958,5529295,6663136,65371866,99781255,559993
PICA,2023Q3,New York,NY,232399090,118904900,133808444,255917066,45448204,0
PICA,2023Q3,North Carolina,NC,77157850,37720518,38475299,23822733,177176400,4638443
PICA,2023Q3,North Dakota,ND,5692596,223364,3884569,6519456,16319985,185488
PICA,2023Q3,Ohio,OH,94828089,87461054,62711223,67166584,312166950,4360387
PICA,2023Q3,Oklahoma,OK,22368184,3325392,12755059,18853263,57301898,1831794
PICA,2023Q3,Oregon,OR,19193967,35609679,13170241,250173303,318147190,3282019
PICA,2023Q3,Pennsylvania,PA,161398265,397942543,76774065,225138621,10672859,0
PICA,2023Q3,Rhode Island,RI,7555650,2676437,4262061,5311568,1071182,0
PICA,2023Q3,South Carolina,SC,43042623,82212875,25334948,16503887,3143380,0
PICA,2023Q3,South Dakota,SD,3809239,1663479,2035820,12404748,19913286,289594
PICA,2023Q3,Tennessee,TN,61846935,20108270,34291304,24673515,140920024,3065294
PICA,2023Q3,Texas,TX,217353339,135692180,136275470,83889531,10559199,0
PICA,2023Q3,Utah,UT,13417219,16664563,8305201,152336503,569020,0
PICA,2023Q3,Vermont,VT,4725620,-700908,2278003,9041593,486178,0
PICA,2023Q3,Virginia,VA,73445503,21346132,38869156,21191378,4719472,0
PICA,2023Q3,Washington,WA,87507801,62848888,51343789,380425451,6390359,0
PICA,2023Q3,West Virginia,WV,13484976,17911940,8673044,8793570,48863530,548961
PICA,2023Q3,Wisconsin,WI,51296696,9448986,22792735,21819989,105358406,3022562
PICA,2023Q3,Wyoming,WY,5096251,2507111,2824579,10262848,185349,0
PICA,2023Q3,American Samoa,AS,0,0,0,0,0,0
PICA,2023Q3,Guam,GU,370020,507376,51611,3089591,13,0
PICA,2023Q3,Puerto Rico,PR,3518542,84969174,1232689,-25244,89695161,185521
PICA,2023Q3,U.S. Virgin Islands,VI,86244,-8,64778,3088411,3239425,52720
PICA,2023Q3,Northern Mariana Islands,MP,0,0,0,0,0,0
PICA,2024Q2,Alabama,AL,26517116,153346562,14539665,13930613,276790,0
PICA,2024Q2,Alaska,AK,3679287,10288950,2299110,29098283,45365630,125452
PICA,2024Q2,Arizona,AZ,31348519,92381029,19026412,385285428,528041388,2577414
PICA,2024Q2,Arkansas,AR,12763233,48619315,7497632,41778233,1050626,0
PICA,2024Q2,California,CA,210012160,426487294,116155715,5383714095,6136369264,16154578
PICA,2024Q2,Colorado,CO,26549197,117300802,15457612,280080386,439387997,120323034
PICA,2024Q2,Connecticut,CT,22983724,47451210,13828061,23933806,2585349,0
PICA,2024Q2,Delaware,DE,14862097,34829479,4417823,11359563,65468962,1632809613
PICA,2024Q2,District Of Columbia,DC,11806117,10523293,5684733,10075147,38089290,45818446
PICA,2024Q2,Florida,FL,104599123,509859378,49850429,208842484,10645153,0
PICA,2024Q2,Georgia,GA,53194838,256307673,26368525,30697886,3000622,0
PICA,2024Q2,Hawaii,HI,284017968,22271854,3896453,96521253,406707528,1574412
PICA,2024Q2,Idaho,ID,7861599,22591945,4154524,158188669,299280,0
PICA,2024Q2,Illinois,IL,73081571,174018340,51123625,299370397,9911449,0
PICA,2024Q2,Indiana,IN,41100503,80375443,25733982,21978082,169188010,1860525
PICA,2024Q2,Iowa,IA,16309104,17459092,10088235,15371527,59227958,1621389
PICA,2024Q2,Kansas,KS,12183849,16407095,6568646,16686197,51845787,1106029
PICA,2024Q2,Kentucky,KY,24465596,35852236,11818190,13961628,86097650,1697926
PICA,2024Q2,Louisiana,LA,39493628,738924439,12059163,53532139,844009369,918338
PICA,2024Q2,Maine,ME,8730552,114329353,4273182,14480792,821617,0
PICA,2024Q2,Maryland,MD,43009952,175540786,21557049,22330189,262437976,1958192
PICA,2024Q2,Massachusetts,MA,52149155,298456014,40078336,24120789,4005972,0
PICA,2024Q2,Michigan,MI,34563020,85820830,30153974,84686716,235224540,3303601
PICA,2024Q2,Minnesota,MN,57678948,34033609,19776562,44758500,156247619,2558128
PICA,2024Q2,Mississippi,MS,10267591,137790149,6892798,10904814,165855352,268691
PICA,2024Q2,Missouri,MO,28859024,66504121,17182172,59083457,2835005,0
PICA,2024Q2,Montana,MT,4423850,17327512,4803460,136123837,191206,0
PICA,2024Q2,Nebraska,NE,9013409,19468323,5333578,10878666,44693976,251022
PICA,2024Q2,Nevada,NV,12794279,37712569,6970093,398710343,456187284,1080405
PICA,2024Q2,New Hampshire,NH,8580488,141078052,4806777,12871855,167337172,503018
PICA,2024Q2,New Jersey,NJ,328734547,761720715,75566237,133935238,1299956737,52374481
PICA,2024Q2,New Mexico,NM,14319842,28050166,4615403,131647277,178632688,416689
PICA,2024Q2,New York,NY,149257202,1615236528,84935133,281149860,2130578723,54141742
PICA,2024Q2,North Carolina,NC,45430421,178826758,28443659,20161610,2984116,0
PICA,2024Q2,North Dakota,ND,3834676,1383126,2729858,15908885,23856545,125488
PICA,2024Q2,Ohio,OH,63245741,152804463,39272312,99223377,2929545,0
PICA,2024Q2,Oklahoma,OK,15022570,48397833,8801840,50193362,1214311,0
PICA,2024Q2,Oregon,OR,13139907,35852424,9526247,769079073,827597651,2231193
PICA,2024Q2,Pennsylvania,PA,106874665,320140047,53771039,187395010,668180761,7349623
PICA,2024Q2,Rhode Island,RI,5034302,41725228,2980402,10895346,60635278,337885
PICA,2024Q2,South Carolina,SC,28097090,110441164,16898030,14837149,170273433,1982572
PICA,2024Q2,South Dakota,SD,2409017,6637029,1306114,14198248,24550408,152879
PICA,2024Q2,Tennessee,TN,42081830,98407925,23805156,34440790,198735701,2321621
PICA,2024Q2,Texas,TX,142607944,2741070866,90563377,165693045,7513596,0
PICA,2024Q2,Utah,UT,9340975,43689440,5970601,1479067115,1538068131,251030
PICA,2024Q2,Vermont,VT,3328688,22530161,1339061,13118252,40316162,243334
PICA,2024Q2,Virginia,VA,47745899,194880708,26432296,27348041,296406944,3180437
PICA,2024Q2,Washington,WA,64425327,153220810,37439959,1161600080,1416686176,4486794
PICA,2024Q2,West Virginia,WV,8949072,60510990,5367069,12419111,87246242,318953
PICA,2024Q2,Wisconsin,WI,34558696,29441454,15179424,20272774,1882778,0
PICA,2024Q2,Wyoming,WY,3522121,14867432,1979761,29733438,303529,0
PICA,2024Q2,American Samoa,AS,0,0,0,0,0,0
PICA,2024Q2,Guam,GU,233431,191444,39402,9696762,10161039,13
PICA,2024Q2,Puerto Rico,PR,1783665,6392157,5080031,8408,125521,0
PICA,2024Q2,U.S. Virgin Islands,VI,34054,3,28177,9695839,39,0
PICA,2024Q2,Northern Mariana Islands,MP,0,0,0,0,0,0
PICA,2024Q3,Alabama,AL,39529194,184630251,21893433,16876291,404944,0
PICA,2024Q3,Alaska,AK,5387320,14608862,3594262,34328066,57918510,189652
PICA,2024Q3,Arizona,AZ,48117407,301052807,28537420,456669013,3760294,0
PICA,2024Q3,Arkansas,AR,19514499,66985397,11670139,50312049,148482084,1644374
PICA,2024Q3,California,CA,361645718,905277966,171603119,6480682886,7919209689,24133405
PICA,2024Q3,Colorado,CO,39990210,341373531,23605637,331710838,736680216,130335468
PICA,2024Q3,Connecticut,CT,34673706,172699314,20572862,58773303,286719185,3805149
PICA,2024Q3,Delaware,DE,22264199,59218442,6481373,13744922,101708936,3471925699
PICA,2024Q3,District Of Columbia,DC,17824737,14382472,8842887,12047700,53097796,66006673
PICA,2024Q3,Florida,FL,157868580,1110965419,74431115,261013803,15665162,0
PICA,2024Q3,Georgia,GA,80001120,499284070,40278230,36892795,656456215,4500076
PICA,2024Q3,Hawaii,HI,345849560,37577802,5142190,117035181,2166840,0
PICA,2024Q3,Idaho,ID,12145783,49206757,6489246,188157648,255999434,498547
PICA,2024Q3,Illinois,IL,110690661,274277727,75951756,586343660,15119547,0
PICA,2024Q3,Indiana,IN,63615282,119257499,34838608,27259272,244970661,2669903
PICA,2024Q3,Iowa,IA,24916349,33919184,15514260,18381160,92730953,2429495
PICA,2024Q3,Kansas,KS,18592107,37024270,9867340,21709204,1619629,0
PICA,2024Q3,Kentucky,KY,37155832,118233010,18446410,17031493,190866745,2532501
PICA,2024Q3,Louisiana,LA,58272301,754161387,17855198,56443034,1450802,0
PICA,2024Q3,Maine,ME,12779566,132383826,6478340,17824294,169466026,958963
PICA,2024Q3,Maryland,MD,65772277,303876454,33031332,42706737,2977943,0
PICA,2024Q3,Massachusetts,MA,77521022,360272608,59033670,32611168,529438468,5872798
PICA,2024Q3,Michigan,MI,51013175,142778832,49533762,114632160,357957929,5176920
PICA,2024Q3,Minnesota,MN,90998205,244440670,31964272,56826147,3917436,0
PICA,2024Q3,Mississippi,MS,15615864,147803474,10222331,12939274,186580943,397091
PICA,2024Q3,Missouri,MO,43552990,113057413,25579912,72509548,254699863,4263890
PICA,2024Q3,Montana,MT,6800703,29932208,7522658,160817042,205072611,255406
PICA,2024Q3,Nebraska,NE,13312219,30245335,8288632,12884782,379422,0
PICA,2024Q3,Nevada,NV,19717607,80220877,10786426,494939870,1771841,0
PICA,2024Q3,New Hampshire,NH,12788125,156307518,7478653,15828824,192403120,784892
PICA,2024Q3,New Jersey,NJ,451874023,1200631179,104815986,233596766,1990917954,81640679
PICA,2024Q3,New Mexico,NM,21311659,48657975,7088673,151944869,229003176,766641
PICA,2024Q3,New York,NY,226167281,2531570568,122578547,326672959,64231140,0
PICA,2024Q3,North Carolina,NC,69187188,832113933,42607369,24963538,968872028,4275263
PICA,2024Q3,North Dakota,ND,6228954,2925473,4434032,21278654,34867113,189688
PICA,2024Q3,Ohio,OH,93723291,234020089,59095884,116432175,503271439,4493316
PICA,2024Q3,Oklahoma,OK,22660919,70252371,13541591,59607891,1877735,0
PICA,2024Q3,Oregon,OR,19534952,87869746,14520393,908621135,1030546226,3435703
PICA,2024Q3,Pennsylvania,PA,161974708,492651948,80536636,255043601,990206893,11103656
PICA,2024Q3,Rhode Island,RI,7549683,50261588,4572757,12894080,75278108,776285
PICA,2024Q3,South Carolina,SC,43268864,249436755,24680094,18231580,3122804,0
PICA,2024Q3,South Dakota,SD,3643060,14057217,2042842,18218335,37961454,217079
PICA,2024Q3,Tennessee,TN,64701582,162131141,36670143,41549748,3435685,0
PICA,2024Q3,Texas,TX,220444713,3217639980,137579936,200476543,3776141172,10945325
PICA,2024Q3,Utah,UT,14007199,71583155,8977361,1593212576,1687780291,379389
PICA,2024Q3,Vermont,VT,4907647,216730123,2013792,16278752,342902,0
PICA,2024Q3,Virginia,VA,73561701,337774065,40348982,35825911,4787910,0
PICA,2024Q3,Washington,WA,103838884,384995617,61790357,1392124623,6566921,0
PICA,2024Q3,West Virginia,WV,13318941,70248364,8082688,15306793,106956786,447353
PICA,2024Q3,Wisconsin,WI,51619038,72907096,23106998,26602194,174235326,2511072
PICA,2024Q3,Wyoming,WY,5213156,19431447,2910054,35123321,367729,0
PICA,2024Q3,American Samoa,AS,0,0,0,0,0,0
PICA,2024Q3,Guam,GU,340894,199424,54945,11440346,12035609,13
PICA,2024Q3,Puerto Rico,PR,2488927,44657912,5694469,9570,189721,0
PICA,2024Q3,U.S. Virgin Islands,VI,50703,4,41944,11438457,39,0
PICA,2024Q3,Northern Mariana Islands,MP,0,0,0,0,0,0
PICA,2025Q1,Alabama,AL,11139722,21289,7891697,2920443,21973151,130126
PICA,2025Q1,Alaska,AK,1319889,391,1132281,5535821,7988382,65100
PICA,2025Q1,Arizona,AZ,14174875,242511,9540270,73480115,97437771,2395447
PICA,2025Q1,Arkansas,AR,5716281,8699,4342471,7983195,18050646,520800
PICA,2025Q1,California,CA,114450594,2642454,59501431,1141309215,8408160,0
PICA,2025Q1,Colorado,CO,9908982,217116,8100499,73375677,5549160,0
PICA,2025Q1,Connecticut,CT,8295681,305712,6996839,29163935,44762167,1245705
PICA,2025Q1,Delaware,DE,6642422,14194,2403653,2059647,882987145,0
PICA,2025Q1,District Of Columbia,DC,5466396,4078,2852929,1884893,15920254,0
PICA,2025Q1,Florida,FL,45109261,751411,24341994,49818552,120021218,4969881
PICA,2025Q1,Georgia,GA,24328011,44806,16338162,5907493,1605098,0
PICA,2025Q1,Hawaii,HI,5570387,23730,1941490,20269962,27805569,545532
PICA,2025Q1,Idaho,ID,3443839,22946,2758152,31518940,37743877,130200
PICA,2025Q1,Illinois,IL,30642123,1040543,25651240,30034145,87368051,5072328
PICA,2025Q1,Indiana,IN,17404363,206810,8855502,4450835,597101,0
PICA,2025Q1,Iowa,IA,7125546,89923,5241915,3025954,781200,0
PICA,2025Q1,Kansas,KS,4938589,14587,3267399,2708513,520800,0
PICA,2025Q1,Kentucky,KY,11144768,51683,6192965,2792485,20181901,886640
PICA,2025Q1,Louisiana,LA,16839088,126641,6146914,32775559,722061,0
PICA,2025Q1,Maine,ME,3842016,131490,2391819,3110043,367448,0
PICA,2025Q1,Maryland,MD,20403952,125171,11279318,4424927,36233368,1298899
PICA,2025Q1,Massachusetts,MA,21353216,186504,19449829,6553566,2138205,0
PICA,2025Q1,Michigan,MI,12769181,176429,17650912,46757240,2006741,0
PICA,2025Q1,Minnesota,MN,29799593,34301,8843799,40365445,1326547,0
PICA,2025Q1,Mississippi,MS,4205458,4781,3322526,2146107,9678872,140882
PICA,2025Q1,Missouri,MO,11485621,27207,7866219,10952259,1425006,0
PICA,2025Q1,Montana,MT,1583051,15867,2327247,25843616,65100,0
PICA,2025Q1,Nebraska,NE,3734642,7616,3199657,2171292,9113207,223103
PICA,2025Q1,Nevada,NV,5173874,215986,3337055,98972821,107699736,699103
PICA,2025Q1,New Hampshire,NH,3564312,288825,2649914,2326662,8829713,267437
PICA,2025Q1,New Jersey,NJ,147555509,529029062,43697020,159862439,880144030,66269278
PICA,2025Q1,New Mexico,NM,6589657,5499,2445457,20623986,29664599,244196
PICA,2025Q1,New York,NY,65461588,8267808,40636279,78100374,192466049,12541694
PICA,2025Q1,North Carolina,NC,18991820,261027,14966682,4104322,1509545,0
PICA,2025Q1,North Dakota,ND,1722816,157,1594846,3319346,6637165,65100
PICA,2025Q1,Ohio,OH,27451986,721757,20419813,17688293,66281849,1347559
PICA,2025Q1,Oklahoma,OK,6539813,55887,4542346,9568287,20706333,585900
PICA,2025Q1,Oregon,OR,5209722,80730,4976909,146157587,156424948,1121134
PICA,2025Q1,Pennsylvania,PA,54449797,3216194,27824345,57046462,3620212,0
PICA,2025Q1,Rhode Island,RI,2111277,34207,1482603,2103989,130200,0
PICA,2025Q1,South Carolina,SC,12668312,52492,10061136,2796442,25578382,977380
PICA,2025Q1,South Dakota,SD,1021757,11094,656671,14723746,16413268,220552
PICA,2025Q1,Tennessee,TN,18845008,275279,12932847,6861370,38914504,976500
PICA,2025Q1,Texas,TX,61004806,-21037569,44684556,30948513,115600306,4612678
PICA,2025Q1,Utah,UT,3549671,18469,3396449,385213989,130200,0
PICA,2025Q1,Vermont,VT,1305238,35956,717528,2319189,89204,0
PICA,2025Q1,Virginia,VA,39366370,115976,13184368,12658031,1562399,0
PICA,2025Q1,Washington,WA,33467964,79001,21611608,221226207,276384780,2109080
PICA,2025Q1,West Virginia,WV,4017491,28989,2416651,2217429,130200,0
PICA,2025Q1,Wisconsin,WI,13587915,57212,7903283,4047218,25595628,598499
PICA,2025Q1,Wyoming,WY,1582105,1507,973029,5687572,8244213,115495
PICA,2025Q1,American Samoa,AS,0,0,0,0,0,0
PICA,2025Q1,Guam,GU,105982,8203,23936,1838757,1976878,0
PICA,2025Q1,Puerto Rico,PR,60781,-20722,555432,2065,65100,0
PICA,2025Q1,U.S. Virgin Islands,VI,15290,1,11424,1838307,1865022,0
PICA,2025Q1,Northern Mariana Islands,MP,0,0,0,0,0,0
PICA,2025Q2,Alabama,AL,27933927,362128,17414281,5916057,51626393,329436
PICA,2025Q2,Alaska,AK,3234496,2693,2484901,10713205,131000,0
PICA,2025Q2,Arizona,AZ,28846856,952041,19254153,144285730,193338780,3957569
PICA,2025Q2,Arkansas,AR,13266297,118582,9269566,15928132,1054864,0
PICA,2025Q2,California,CA,241722836,3264728,118649395,2106661514,16850646,0
PICA,2025Q2,Colorado,CO,24485467,707862,16488128,123264817,11711986,0
PICA,2025Q2,Connecticut,CT,20524780,448877,14428030,33501605,3185024,0
PICA,2025Q2,Delaware,DE,13844781,17031,4606721,4105419,22573952,4144692285
PICA,2025Q2,District Of Columbia,DC,12219617,3711,5731667,3652469,39580042,0
PICA,2025Q2,Florida,FL,99004728,4886544,48204494,81449547,233545313,10005443
PICA,2025Q2,Georgia,GA,55853113,515370,34725268,808940159,900033910,3162572
PICA,2025Q2,Hawaii,HI,99070962,47308,3955771,39716706,142790747,1436904
PICA,2025Q2,Idaho,ID,8438913,370581,5937299,62054878,362188,0
PICA,2025Q2,Illinois,IL,68632176,842678,52608759,77373913,10605656,0
PICA,2025Q2,Indiana,IN,35722005,473370,18227068,10107045,1293785,0
PICA,2025Q2,Iowa,IA,17134299,317380,11357289,6536877,35345845,1681308
PICA,2025Q2,Kansas,KS,11386656,21095,6621130,5582843,23611724,1065404
PICA,2025Q2,Kentucky,KY,24410818,947467,12701198,5845156,43904639,1770588
PICA,2025Q2,Louisiana,LA,36469861,242943,12475042,35797034,84984880,1521175
PICA,2025Q2,Maine,ME,7865833,267966,4354060,6110161,18598020,547945
PICA,2025Q2,Maryland,MD,47580704,199466,21941778,10422476,80144424,2221499
PICA,2025Q2,Massachusetts,MA,49075123,458847,38614560,12358410,3952787,0
PICA,2025Q2,Michigan,MI,30413452,122295569,32612424,89174228,3579674,0
PICA,2025Q2,Minnesota,MN,59212043,83672,22026232,50696962,3060869,0
PICA,2025Q2,Mississippi,MS,9994574,115808,7137133,4295112,21542627,359090
PICA,2025Q2,Missouri,MO,26604315,130759,15841763,22283268,2871889,0
PICA,2025Q2,Montana,MT,3864406,101648,4067147,50064288,58097489,210731
PICA,2025Q2,Nebraska,NE,8713738,10872,6083498,4303945,19112053,354903
PICA,2025Q2,Nevada,NV,11486877,725080,7212644,183286024,202710625,1230838
PICA,2025Q2,New Hampshire,NH,8145419,300947,5107573,4732974,18286913,546205
PICA,2025Q2,New Jersey,NJ,257770182,1057598174,77887675,349356145,1742612176,126093441
PICA,2025Q2,New Mexico,NM,13875710,100011,4784133,62500543,446631,0
PICA,2025Q2,New York,NY,141930484,8527762,84453447,128706948,20456835,0
PICA,2025Q2,North Carolina,NC,43376068,999101,30612797,8742861,83730827,2951822
PICA,2025Q2,North Dakota,ND,4219352,67550,3175860,5804879,131000,0
PICA,2025Q2,Ohio,OH,57387726,1385660,38506119,34662224,2660736,0
PICA,2025Q2,Oklahoma,OK,15103211,78243,9056172,18638124,42875750,1385945
PICA,2025Q2,Oregon,OR,12175921,105880,10136816,298796595,321215212,2241434
PICA,2025Q2,Pennsylvania,PA,110575804,8295486,52655371,121273565,292800226,7590010
PICA,2025Q2,Rhode Island,RI,4919182,35493,3047125,4185729,512306,0
PICA,2025Q2,South Carolina,SC,27328925,654780,18373499,5852695,2119398,0
PICA,2025Q2,South Dakota,SD,2361164,31983,1240731,20216539,304146,0
PICA,2025Q2,Tennessee,TN,40901958,2022251,26024359,13757815,1965000,0
PICA,2025Q2,Texas,TX,143354376,-22080744,94398933,61198935,9129750,0
PICA,2025Q2,Utah,UT,8342823,20915,6397132,555049100,569809970,284503
PICA,2025Q2,Vermont,VT,2983968,46241,1437124,4728919,9196252,222769
PICA,2025Q2,Virginia,VA,65446041,278639,26191103,43333027,135248810,3233141
PICA,2025Q2,Washington,WA,66681279,501769,43190643,463573406,573947097,4327588
PICA,2025Q2,West Virginia,WV,8896447,160907,4965768,4636323,341643,0
PICA,2025Q2,Wisconsin,WI,29895610,176482,16169316,9187023,55428431,1209307
PICA,2025Q2,Wyoming,WY,3404893,2603,1982974,11090595,181395,0
PICA,2025Q2,American Samoa,AS,0,0,0,0,0,0
PICA,2025Q2,Guam,GU,218433,8813,36443,3561984,0,0
PICA,2025Q2,Puerto Rico,PR,1026139,-19809,8306281,6345,131000,0
PICA,2025Q2,U.S. Virgin Islands,VI,28500,12,24378,3561070,3613960,0
PICA,2025Q2,Northern Mariana Islands,MP,0,0,0,0,0,0
PICA,2025Q3,Alabama,AL,41102984,39176159,26366884,8807355,115453382,463784
PICA,2025Q3,Alaska,AK,4640176,910136,3535679,16192653,25278644,198300
PICA,2025Q3,Arizona,AZ,44549398,71426865,28524329,218129905,362630497,5556038
PICA,2025Q3,Arkansas,AR,20237446,18011314,13371616,23960826,1593264,0
PICA,2025Q3,California,CA,347665384,271655142,178822366,3111260574,27132124,0
PICA,2025Q3,Colorado,CO,37817404,46055042,25251634,184616183,293740263,40365713
PICA,2025Q3,Connecticut,CT,30562130,165988486,21380814,84034185,301965615,4510562
PICA,2025Q3,Delaware,DE,20984139,5347419,6736559,6230362,6658399409,0
PICA,2025Q3,District Of Columbia,DC,18582702,603486,8530248,5528109,33244545,55829686
PICA,2025Q3,Florida,FL,151014819,199719737,73254191,147555715,571544462,15699290
PICA,2025Q3,Georgia,GA,86902464,39890538,53030388,815633772,995457162,4736789
PICA,2025Q3,Hawaii,HI,104136138,3718823,5793234,60008048,1908004,0
PICA,2025Q3,Idaho,ID,13553607,19662661,8944215,92097667,512929,0
PICA,2025Q3,Illinois,IL,109078839,32225332,78792876,110002941,330099988,15771487
PICA,2025Q3,Indiana,IN,54431587,75926752,27298915,15081779,172739033,1941089
PICA,2025Q3,Iowa,IA,25585516,85057113,16153503,9926954,136723086,2488908
PICA,2025Q3,Kansas,KS,17580211,6563168,9969562,8428461,42541402,1613366
PICA,2025Q3,Kentucky,KY,37599412,31751446,18365475,8752942,96469275,2645462
PICA,2025Q3,Louisiana,LA,54879699,4428341,18586015,38777374,2702076,0
PICA,2025Q3,Maine,ME,11659852,19323046,6241798,9072512,46297208,732333
PICA,2025Q3,Maryland,MD,72766159,34895243,32989719,15340961,3211076,0
PICA,2025Q3,Massachusetts,MA,74152457,168346302,55924716,17636554,316060029,5936617
PICA,2025Q3,Michigan,MI,46900463,175851573,48597807,118687750,390037593,5297842
PICA,2025Q3,Minnesota,MN,90021675,15724251,35796684,74977104,4525624,0
PICA,2025Q3,Mississippi,MS,15249562,18658406,10280259,6464939,50653166,493690
PICA,2025Q3,Missouri,MO,41733639,16101045,23417552,33597312,114849548,4285607
PICA,2025Q3,Montana,MT,6011045,2633005,6065843,75699021,90408914,299133
PICA,2025Q3,Nebraska,NE,13026143,3491546,8700753,6458197,31676639,489503
PICA,2025Q3,Nevada,NV,17924156,16020247,11036610,283220509,328201522,1776919
PICA,2025Q3,New Hampshire,NH,12308086,56011791,7673551,7183722,769587,0
PICA,2025Q3,New Jersey,NJ,420277897,1351309038,106725236,474145891,2352458062,171357995
PICA,2025Q3,New Mexico,NM,20582638,11701515,7078665,83088197,122451015,1341756
PICA,2025Q3,New York,NY,218147740,85748855,125253080,473064611,902214286,30597914
PICA,2025Q3,North Carolina,NC,66186803,53467501,45659893,13160970,178475167,4395942
PICA,2025Q3,North Dakota,ND,6417883,3587347,4618254,14878201,29501685,198300
PICA,2025Q3,Ohio,OH,90186173,81166710,58453498,-18421988,211384393,4676519
PICA,2025Q3,Oklahoma,OK,23122875,11137350,13494410,28117093,1991645,0
PICA,2025Q3,Oregon,OR,18505627,13057936,14775621,443757401,3431682,0
PICA,2025Q3,Pennsylvania,PA,163505861,53908272,79281420,192355198,489050751,11343603
PICA,2025Q3,Rhode Island,RI,7535914,20332730,4715752,6351474,38935870,679806
PICA,2025Q3,South Carolina,SC,41556682,41413906,26586680,8856360,3129164,0
PICA,2025Q3,South Dakota,SD,3727743,2305526,1950210,26043806,34027285,403925
PICA,2025Q3,Tennessee,TN,60293211,89003544,37918713,24557813,211773281,2974500
PICA,2025Q3,Texas,TX,219189364,188099175,142168780,93507275,642964594,13129467
PICA,2025Q3,Utah,UT,12610251,8824110,9615952,941496722,505043,0
PICA,2025Q3,Vermont,VT,4600874,9914754,2193715,7184836,23894179,343694
PICA,2025Q3,Virginia,VA,90234369,53126941,38406187,56423676,4903416,0
PICA,2025Q3,Washington,WA,101409470,46870800,63988389,683106138,6481188,0
PICA,2025Q3,West Virginia,WV,13535768,10819465,7539399,6969040,38863672,536120
PICA,2025Q3,Wisconsin,WI,46313617,33243716,24892311,13494192,117943836,1920622
PICA,2025Q3,Wyoming,WY,5115523,899296,3010846,16760900,25786565,248695
PICA,2025Q3,American Samoa,AS,0,0,0,0,0,0
PICA,2025Q3,Guam,GU,322054,5520,53785,5388624,5769983,156234
PICA,2025Q3,Puerto Rico,PR,1694503,-24849,8778682,7936,10456272,198300
PICA,2025Q3,U.S. Virgin Islands,VI,42700,12,33986,5387239,5463937,0
PICA,2025Q3,Northern Mariana Islands,MP,0,0,0,0,0,0
